name,company,telephone,email
Ferris Bryan,Pellentesque Ltd,056-011-1380,nascetur.ridiculus.mus@Phasellus.org
Devin Patterson,Lorem Incorporated,002-621-1319,a.sollicitudin.orci@hendreritnequeIn.ca
Evan Hinton,Massa Quisque Industries,061-838-6405,Nulla@egetmassa.com
McKenzie Cantrell,Convallis Ltd,065-537-6306,libero.Proin.sed@lobortisnisinibh.ca
India Skinner,Non Ante Incorporated,087-770-0513,lacinia.orci.consectetuer@amifringilla.com
Alea Kirby,Egestas Urna Justo Corporation,000-751-4110,magna.Sed.eu@metus.net
Wing Espinoza,Quam Ltd,008-084-6376,mi.enim@facilisis.co.uk
Malachi Patterson,Enim Corporation,087-281-0176,est.mauris@at.ca
Fay Williams,Adipiscing Elit Curabitur Company,042-008-2843,in@loremsit.com
Oren Goodman,At Iaculis Quis PC,033-811-4052,magna.sed.dui@Fuscemi.org
Yael Watts,Faucibus Institute,028-790-8837,vel@ultrices.org
Shafira Whitehead,Blandit Mattis Cras Consulting,046-323-8322,non.arcu.Vivamus@arcuCurabitur.edu
Sawyer Pittman,Sociis Natoque Penatibus Associates,066-186-5463,mi@vitae.com
Alea Parsons,Nulla Donec Non Incorporated,014-043-9241,cubilia.Curae.Donec@famesac.net
Ariana Maxwell,Scelerisque Mollis Incorporated,035-102-9492,metus.Aenean.sed@seddolorFusce.co.uk
Blaze Davis,Urna Convallis Erat Limited,051-354-0772,Suspendisse.sagittis.Nullam@ametconsectetueradipiscing.com
Zia Lara,In Faucibus Foundation,095-752-0747,ut.quam.vel@nonmagna.org
Ina Padilla,Erat In Consulting,094-752-0162,vestibulum.lorem.sit@lobortis.com
Ebony Bartlett,Nisl Consulting,075-914-6872,interdum@augueeu.com
Sarah Schultz,Semper Et PC,094-457-6508,odio.auctor.vitae@dolor.edu
Wesley York,Nam Consequat Limited,047-645-4837,et@libero.edu
Tasha Salas,Aliquet Odio Etiam Company,016-043-4453,aliquet@Donecfelis.co.uk
Jelani Bryan,Sed Consequat Auctor LLC,070-574-0606,dolor.nonummy@aliquetsemut.com
Devin Kaufman,Imperdiet Dictum Magna Inc.,085-459-5317,sit.amet.lorem@porttitortellus.com
Cecilia Horne,Dapibus Quam Corp.,007-159-5050,imperdiet.ullamcorper@quamdignissimpharetra.net
Keely Maxwell,Euismod Mauris Eu LLC,064-209-2983,suscipit@iaculisaliquet.ca
Elliott Frost,Maecenas Company,022-966-6138,Donec.felis.orci@etmalesuada.com
Jerry Harper,Duis Risus Odio Company,050-770-1272,sit.amet.metus@at.co.uk
Daryl Ayers,Nec Mollis Vitae Corp.,093-247-3561,eget.volutpat.ornare@telluseu.ca
Veda Sears,Molestie Corporation,012-103-7101,varius.Nam@nislMaecenas.net
Ezra Day,Adipiscing Limited,002-677-8720,accumsan.sed@leoCras.edu
Leslie Ferrell,Nascetur Ridiculus LLP,015-281-1120,ut.ipsum@ullamcorpereueuismod.co.uk
Ishmael Warner,Dolor Elit Pellentesque Inc.,072-256-2337,magna@Donecest.co.uk
Jayme Allison,Nulla Donec Corp.,011-776-1206,Fusce.mollis@orciPhasellusdapibus.edu
Grace Stark,Quis Corp.,023-817-5458,mollis@nuncrisus.net
Hedy Acosta,Dolor Fusce Mi Company,061-184-8898,lorem.ipsum@PhasellusornareFusce.com
Lysandra Justice,Morbi Non Sapien LLC,072-344-6844,mauris.a.nunc@semper.ca
Trevor Burris,Vitae Purus Foundation,013-499-5990,pede.nec.ante@vehiculaetrutrum.co.uk
Joel Wise,Rutrum Non Institute,022-360-0121,consectetuer.ipsum.nunc@metus.co.uk
Gil Wooten,Cursus Industries,097-117-9922,Integer.vitae@rutrumurnanec.org
Lacy Hewitt,Urna Corp.,091-629-9192,ullamcorper@quis.org
Travis Bauer,Enim LLC,024-351-2158,egestas.ligula.Nullam@Donec.co.uk
Rinah Swanson,Dolor Donec Fringilla Incorporated,008-286-8828,lacinia.Sed.congue@vehiculaPellentesquetincidunt.edu
Sade Estes,Arcu Morbi Sit Industries,047-512-8375,sit@Aenean.net
Berk Waters,Varius Nam Porttitor Corporation,066-034-8857,orci.Phasellus@nulla.com
Donovan Elliott,Duis Gravida Praesent Ltd,064-360-7260,ligula@lacusMaurisnon.ca
Jolie Burch,At LLP,099-163-2928,sollicitudin.commodo@etrutrum.ca
Rowan Foley,Nunc Sed Limited,081-341-0280,pharetra.sed.hendrerit@Vestibulumanteipsum.edu
Kamal Oneill,Nulla Magna LLP,019-183-6931,tristique.pellentesque@dignissim.org
Nero Henry,Lobortis Quis Pede Ltd,099-157-7406,dignissim.magna@arcu.com
Yetta Robertson,Ultrices Sit Amet Institute,082-053-6804,ac@temporarcu.co.uk
Galena Bates,Molestie Orci LLC,098-238-3929,neque.Sed@parturientmontesnascetur.ca
Richard Christian,Sapien Corporation,063-279-4835,id@felisullamcorper.co.uk
Maite Langley,Dolor Consulting,028-258-2538,vulputate.posuere.vulputate@nonbibendumsed.net
Jana Hughes,Eget Venenatis Foundation,077-487-6359,Duis.cursus@venenatisvelfaucibus.ca
Flynn Figueroa,Aenean Eget Magna Inc.,094-515-9248,Donec.luctus@rhoncusidmollis.net
Gretchen Mcfarland,Neque Et Associates,025-576-2248,vitae.odio@consectetueradipiscingelit.edu
Jakeem Potts,Nisi Sem PC,098-947-1230,nisi@erosnon.ca
Maryam Cash,Mi Fringilla Mi LLC,087-380-7224,Quisque@antedictumcursus.org
Lois Farley,Quis LLC,097-171-0235,odio@NullafacilisiSed.co.uk
Aimee Mccullough,Quisque Libero Lacus PC,074-678-7100,mauris.Integer@dis.ca
Blaine Finch,Felis Nulla Tempor Consulting,003-282-3208,vulputate.posuere.vulputate@Aliquameratvolutpat.net
Noah Decker,Aliquam Ultrices Industries,070-020-3071,pharetra.sed.hendrerit@Nuncsollicitudin.co.uk
Gray Douglas,Cursus Integer Institute,061-560-2371,magna.Sed@mattisornare.net
Jakeem Rivers,Tortor Institute,090-806-1131,mollis.Integer@dolor.org
Russell Tanner,Nunc Interdum LLP,005-988-4734,nulla@odioEtiam.org
Joan Steele,Dolor Consulting,043-396-8501,eget.dictum@commodoauctorvelit.com
Rosalyn Key,Nec Orci Corporation,047-184-0324,lacinia.at@molestie.net
Lynn Ramos,Interdum Corp.,060-947-3329,Maecenas@velitQuisque.net
Ruby Boyle,Elit Aliquam Ltd,086-902-5621,amet@Nullafacilisi.net
Alfonso Mooney,Dui Incorporated,076-520-9133,dui@elit.co.uk
Curran Guthrie,Bibendum LLC,020-382-4363,ridiculus.mus.Proin@elementumpurusaccumsan.org
Kim Sawyer,Nascetur Ridiculus Incorporated,086-699-2682,arcu.Aliquam.ultrices@massarutrummagna.co.uk
Hermione Davenport,Dictum Mi Ac Consulting,034-416-2569,augue@afacilisis.co.uk
Brennan Melton,Parturient Ltd,013-483-3019,sem@nonummyac.org
Tanisha Barry,Molestie Arcu Sed Foundation,057-203-9316,Nam.nulla@tinciduntaliquamarcu.co.uk
Julian Moreno,Aliquam Auctor Velit Inc.,096-795-3539,erat.vel.pede@dignissimMaecenas.org
Kelly Moody,Et Incorporated,073-197-6093,dapibus.rutrum@mi.com
Glenna Long,Vel Vulputate Consulting,037-357-6285,sollicitudin.adipiscing@sagittisplaceratCras.co.uk
Nita Burnett,In Felis Nulla Industries,082-493-8192,a.feugiat@purusMaecenas.org
Peter Oneil,Id Incorporated,050-528-6597,non.vestibulum.nec@scelerisquesedsapien.com
Carly Hood,Varius Et Euismod Limited,086-343-5520,mattis.ornare@vitaepurusgravida.org
Lacy Cook,Nostra Consulting,037-199-9121,hendrerit.consectetuer.cursus@consectetuermauris.ca
Sonia Flores,Varius Limited,000-978-7723,Cum.sociis@tortordictum.com
Quincy Dominguez,Et PC,005-189-5293,justo@ullamcorperDuiscursus.net
Nerea Gillespie,At Fringilla Foundation,011-885-3526,elit.a.feugiat@aliquetlobortis.com
Hedwig Cruz,Dolor Vitae Corporation,004-162-2947,fringilla.est@vitae.co.uk
Montana Harrell,Sapien Imperdiet Consulting,018-443-4991,euismod.in@quamquisdiam.ca
Dora Solomon,Nec Institute,071-001-3919,iaculis.quis@odioa.ca
Hoyt Hanson,Sapien Cras Dolor Associates,072-516-4333,risus.Quisque.libero@enim.net
Xanthus Zamora,Ipsum LLC,049-340-7544,neque@velitduisemper.com
Astra Lee,Lacus Quisque Purus Company,029-518-3309,sit.amet@placerat.edu
Paul Guerrero,In Industries,035-911-5436,a.sollicitudin.orci@Proinsedturpis.net
Axel Guy,Ante Vivamus Consulting,034-227-1357,magna.Suspendisse.tristique@nonhendreritid.ca
Serina Davis,Tellus Suspendisse Associates,094-787-3714,Suspendisse.aliquet@Mauris.com
Charity Woodard,Est Mauris Eu Institute,077-801-6059,Aenean.eget@pedePraesenteu.org
Priscilla Heath,Aliquet Vel Vulputate Institute,078-019-9538,erat.volutpat@eleifendnuncrisus.edu
Lois Smith,Est Ac Incorporated,044-490-8532,ligula@Nullam.co.uk
Porter Vinson,Proin Limited,031-346-6192,Aenean@purusmauris.com
Chadwick Harrison,Sed Nulla Institute,099-208-8232,malesuada.vel@euismodenim.co.uk