first_name,last_name,gender,age
Aaliyah,Langworth,male,61
Aaliyah,VonRueden,male,73
Aaliyah,Konopelski,female,39
Abdullah,Block,male,66
Amaya,Satterfield,male,23
Barbara,Ortiz,female,76
Barney,Lubowitz,female,76
Berniece,Sanford,female,23
Betsy,Blick,male,23
Buster,Hodkiewicz,male,56
Cade,Batz,female,61
Cameron,Walsh,female,30
Cameron,Dickinson,female,36
Camilla,Feil,male,23
Candice,Torp,female,23
Courtney,Spinka,female,42
Devon,Kutch,female,26
Devon,Mayer,female,71
Devon,Waters,female,70
Devonte,Erdman,female,27
Devonte,Pfeffer,male,29
Dora,Schinner,male,78
Dora,Cole,female,18
Duncan,Dach,male,70
Duncan,O'Reilly,male,75
Durward,Stroman,male,37
Elias,Watsica,female,50
Eliezer,Predovic,female,30
Elinore,Collier,female,75
Emmett,Corkery,female,88
Emmie,Swaniawski,female,76
Fabian,Murphy,female,85
Fabian,Keeling,male,76
Fabian,Nolan,male,70
Fabiola,Klocko,female,45
Furman,Crist,male,23
Furman,Waelchi,female,26
Gabriel,Ledner,male,62
Gabriel,Dicki,female,87
Gerald,Bernier,male,23
Graciela,Berge,female,21
Grady,Grady,female,34
Graham,Hoppe,female,19
Graham,Padberg,male,58
Harley,Murphy,male,72
Harley,Runolfsdottir,female,37
Hudson,Streich,male,25
Hudson,Donnelly,male,20
Hugh,Feil,male,33
Hunter,Erdman,male,68
Hyman,Grant,male,74
Ian,Dibbert,male,40
Isaac,Ratke,male,81
Isabell,Price,male,73
Iva,Roob,female,44
Ivah,Raynor,male,71
Ivory,Gorczany,female,61
Ivory,Wolf,female,38
Ivy,Stehr,female,89
Janice,Zboncak,male,48
Janice,Erdman,male,57
Jason,Erdman,male,37
Jason,Lang,female,56
Jenifer,Lind,male,47
Jennie,Mante,female,21
Margarett,Wilkinson,male,73
Margarett,Schultz,female,36
Margaretta,Koepp,male,72
Neoma,Gottlieb,male,38
Nona,Murazik,female,88
Norbert,Kozey,male,41
Ottilie,Lakin,female,88
Prudence,Bergstrom,female,33
Prudence,Brakus,female,67
Prudence,Goldner,male,37
Prudence,Kilback,female,88
Queen,White,female,64
Ricardo,Koss,female,65
Richie,Eichmann,male,85
Richie,Sanford,female,70
Santino,Labadie,male,18
Santino,Nienow,female,62
Santos,Hintz,female,20
Santos,Jaskolski,female,79
Sarah,Feeney,female,64
Sarah,Hyatt,female,26
Theodore,Ferry,female,89
Theodore,Stamm,male,56
Theresa,Price,female,83
Theresia,Fay,male,64
Theresia,Rohan,female,20
Tobin,Streich,male,77
Toby,Terry,female,19
Toby,Wehner,male,18
Tom,Huel,female,45
Ursula,Bednar,male,65
Ursula,Mayer,male,63
Ursula,Hahn,female,87
Vanessa,O'Hara,male,28
Vanessa,Rodriguez,female,40
Walker,Sauer,male,19
Walker,Reichert,male,21
Walker,Stoltenberg,female,59
Walker,Stiedemann,female,32
Wallace,Klein,female,41
Walter,Franecki,female,68
Walter,Kuvalis,male,22
Walton,Jerde,female,73
Xavier,Harber,female,38
Xavier,Braun,female,41
Xavier,Streich,female,28
Yadira,Krajcik,female,81
Yasmeen,Lubowitz,male,41
Yasmeen,Thompson,female,80
Yasmine,Keeling,male,61
Yasmine,Rippin,female,77
Yesenia,Schaden,female,55
Yesenia,Watsica,female,26
Yessenia,Hudson,female,42
Yolanda,Jones,male,24
Yolanda,Reynolds,female,26
Yolanda,Abernathy,male,90
Yoshiko,Zulauf,male,42
Yoshiko,Klein,male,37
Yvette,Schuster,male,76
Yvette,Russel,male,88
Yvonne,Wolff,male,31
Zachariah,Dach,male,18
Zachary,Hackett,female,45
Zachary,Durgan,male,69
Zachery,Metz,female,52
Zachery,Lehner,female,25
Zackary,Funk,female,77
Zackery,Schuster,female,53
Zakary,Schiller,male,78
Zakary,Lehner,female,19
Zakary,Hodkiewicz,female,62
Zakary,Padberg,male,30
Zander,Runte,male,50
Zane,Little,female,59
Zaria,Reichert,male,55
Zaria,Towne,male,85
Zechariah,Wolff,female,60
Zechariah,Johnson,female,61
Zelma,Langworth,male,87
Zoe,Bernier,female,55
Zoe,Crona,male,32
Zoie,Waters,female,21
Zoila,Leffler,male,72
Zoila,Cummings,male,52